{
    "user": "pBlueG",
    "repo": "SA-MP-MySQL",
    "resources": [
        {
            "name": "^mysql-.+-([Dd]ebian[0-9]?|[Ll]inux)-static\\.tar\\.gz$",
            "platform": "linux",
            "archive": true,
            "includes": ["mysql-.+\\/pawno\\/include"],
            "plugins": ["mysql-.+\\/plugins\\/mysql.so"],
            "files": {
                "mysql-.+\\/log-core.so": "log-core.so"
            }
        },
        {
            "name": "^mysql-.+-win(32)?.zip$",
            "platform": "windows",
            "archive": true,
            "includes": ["mysql-.+\\/pawno\\/include"],
            "plugins": ["mysql-.+\\/plugins\\/mysql.dll"],
            "files": {
                "mysql-.+\\/log-core.dll": "log-core.dll",
                "mysql-.+\\/libmariadb.dll": "libmariadb.dll"
            }
        }
    ],
    "runtime": {
        "plugins": ["pBlueG/SA-MP-MySQL"]
    },
    "contributors": [
        "AndreT",
        "DamianC",
        "IstuntmanI",
        "JernejL",
        "Konstantinos",
        "krisk",
        "kurta999",
        "Kye",
        "maddinat0r",
        "Mow",
        "nemesis",
        "Sergei",
        "xxmitsu"
    ]
}
